slug,level0:name_en,level0:name_he,level1:name_en,level1:name_he,level2:name_en,level2:name_he
human_services,Human Services,מענים חברתיים
human_services:care,Human Services,מענים חברתיים,Care,רווחה
human_services:care:accessibility,Human Services,מענים חברתיים,Care,רווחה,Accessibility,פתרונות נגישות
human_services:care:accessibility:translation,Human Services,מענים חברתיים,Care,רווחה,Accessibility,פתרונות נגישות,Translation,שפת סימנים
human_services:care:adoption_foster_care,Human Services,מענים חברתיים,Care,רווחה,Adoption & Foster Care,אימוץ ואומנה
human_services:care:aid_center,Human Services,מענים חברתיים,Care,רווחה,Aid Center,מרכזי סיוע
human_services:care:daytime_care,Human Services,מענים חברתיים,Care,רווחה,Daytime Care,מסגרת יום
human_services:care:early_childhood_intervention,Human Services,מענים חברתיים,Care,רווחה,Early Childhood Intervention,אבחונים
human_services:care:guidance,Human Services,מענים חברתיים,Care,רווחה,Guidance,ליווי והדרכה
human_services:care:recovery,Human Services,מענים חברתיים,Care,רווחה,Recovery,שיקום חברתי
human_services:care:risk_assessment,Human Services,מענים חברתיים,Care,רווחה,Risk Assessment,הערכת מסוכנות
human_services:care:support_network,Human Services,מענים חברתיים,Care,רווחה,Support Network,רשת תמיכה
human_services:care:help_hotlines,Human Services,מענים חברתיים,Care,רווחה,Help Hotlines,קווי סיוע
human_services:care:home_visiting,Human Services,מענים חברתיים,Care,רווחה,Home Visiting,ביקורי בית
human_services:care:in_home_support,Human Services,מענים חברתיים,Care,רווחה,In-Home Support,טיפול בבית
human_services:care:mentoring,Human Services,מענים חברתיים,Care,רווחה,Mentoring,מנטורינג
human_services:care:one_on_one_support,Human Services,מענים חברתיים,Care,רווחה,One-on-One Support,תמיכה פרטנית
human_services:care:spiritual_support,Human Services,מענים חברתיים,Care,רווחה,Spiritual Support,תמיכה רוחנית
human_services:care:support_group,Human Services,מענים חברתיים,Care,רווחה,Support Group,קבוצת תמיכה
human_services:care:support_group:bereavement,Human Services,מענים חברתיים,Care,רווחה,Support Group,קבוצת תמיכה,Bereavement,תמיכה באבל
human_services:care:support_group:parenting_education,Human Services,מענים חברתיים,Care,רווחה,Support Group,קבוצת תמיכה,Parenting Education,הדרכת הורים
human_services:care:support_group:virtual_support,Human Services,מענים חברתיים,Care,רווחה,Support Group,קבוצת תמיכה,Virtual Support,תמיכה וירטואלית
human_services:care:relief_for_caregivers,Human Services,מענים חברתיים,Care,רווחה,Relief for Caregivers,סיוע לבני משפחה מטפלים
human_services:care:vacations,Human Services,מענים חברתיים,Care,רווחה,Vacations,נופשונים
human_services:community_services,Human Services,מענים חברתיים,Community Services,שירותים קהילתיים
human_services:community_services:community_gardens,Human Services,מענים חברתיים,Community Services,שירותים קהילתיים,Community Gardens,גינות קהילתיות
human_services:community_services:computer_or_internet_access,Human Services,מענים חברתיים,Community Services,שירותים קהילתיים,Computer or Internet Access,מחשוב או גישה לאינטרנט
human_services:community_services:olim_support,Human Services,מענים חברתיים,Community Services,שירותים קהילתיים,Olim Support,מוקדי קליטה
human_services:community_services:recreation,Human Services,מענים חברתיים,Community Services,שירותים קהילתיים,Recreation,פעילויות פנאי
human_services:community_services:religious_services,Human Services,מענים חברתיים,Community Services,שירותים קהילתיים,Religious Services,שירותי דת
human_services:community_services:religious_services:altenative_religious_services,Human Services,מענים חברתיים,Community Services,שירותים קהילתיים,Religious Services,שירותי דת,Altenative Religious Services,שירותי דת נוספים
human_services:community_services:social_club,Human Services,מענים חברתיים,Community Services,שירותים קהילתיים,Social Club,מועדון חברתי
human_services:community_services:summer_camps,Human Services,מענים חברתיים,Community Services,שירותים קהילתיים,Summer Camps,קייטנות
human_services:education,Human Services,מענים חברתיים,Education,חינוך
human_services:education:afterschool_care,Human Services,מענים חברתיים,Education,חינוך,Afterschool Care,צהרונים
human_services:education:respite_activities,Human Services,מענים חברתיים,Education,חינוך,Respite Activities,פעילויות הפוגה
human_services:education:respite_activities:further_education,Human Services,מענים חברתיים,Education,חינוך,Respite Activities,פעילויות הפוגה,Further Education,חינוך המשך
human_services:education:respite_activities:further_education:engineering,Human Services,מענים חברתיים,Education,חינוך,Respite Activities,פעילויות הפוגה,Further Education,חינוך המשך,Engineering,הנדסאים
human_services:education:respite_activities:further_education:yeshiva_and_kollel,Human Services,מענים חברתיים,Education,חינוך,Respite Activities,פעילויות הפוגה,Further Education,חינוך המשך,Yeshiva and Kollel,ישיבה וכולל
human_services:education:respite_activities:academia,Human Services,מענים חברתיים,Education,חינוך,Respite Activities,פעילויות הפוגה,Academia,אקדמיה
human_services:education:respite_activities:academia:college_readiness,Human Services,מענים חברתיים,Education,חינוך,Respite Activities,פעילויות הפוגה,Academia,אקדמיה,College Readiness,הכנה לאוניברסיטה
human_services:education:special_education,Human Services,מענים חברתיים,Education,חינוך,Special Education,חינוך מיוחד
human_services:education:integration_in_education,Human Services,מענים חברתיים,Education,חינוך,Integration in Education,שילוב בחינוך
human_services:education:more_education,Human Services,מענים חברתיים,Education,חינוך,More Education,חינוך נוסף והעשרה
human_services:education:more_education:alternative_education,Human Services,מענים חברתיים,Education,חינוך,More Education,חינוך נוסף והעשרה,Alternative Education,חינוך אלטרנטיבי
human_services:education:more_education:civic_engagement,Human Services,מענים חברתיים,Education,חינוך,More Education,חינוך נוסף והעשרה,Civic Engagement,מעורבות חברתית
human_services:education:more_education:army_readiness,Human Services,מענים חברתיים,Education,חינוך,More Education,חינוך נוסף והעשרה,Army Readiness,הכנה לצבא
human_services:education:more_education:national_service_readiness,Human Services,מענים חברתיים,Education,חינוך,More Education,חינוך נוסף והעשרה,National Service Readiness,הכנה לשירות לאומי
human_services:education:more_education:english_as_a_second_language_esl,Human Services,מענים חברתיים,Education,חינוך,More Education,חינוך נוסף והעשרה,English as a Second Language (ESL),אולפנים
human_services:education:more_education:enrichment_programs,Human Services,מענים חברתיים,Education,חינוך,More Education,חינוך נוסף והעשרה,Enrichment Programs,תוכניות העשרה
human_services:education:more_education:environmental_education,Human Services,מענים חברתיים,Education,חינוך,More Education,חינוך נוסף והעשרה,Environmental Education,חינוך סביבתי
human_services:education:more_education:foreign_languages,Human Services,מענים חברתיים,Education,חינוך,More Education,חינוך נוסף והעשרה,Foreign Languages,לימודי שפות
human_services:education:more_education:prep_mechina,Human Services,מענים חברתיים,Education,חינוך,More Education,חינוך נוסף והעשרה,Prep - Mechina,מכינה
human_services:education:more_education:prep_mechina:army_prep,Human Services,מענים חברתיים,Education,חינוך,More Education,חינוך נוסף והעשרה,Prep - Mechina,מכינה,Army Prep,מכינה צבאית
human_services:education:more_education:prep_mechina:university_prep,Human Services,מענים חברתיים,Education,חינוך,More Education,חינוך נוסף והעשרה,Prep - Mechina,מכינה,University Prep,מכינה אוניברסיטאית
human_services:education:more_education:youth_development,Human Services,מענים חברתיים,Education,חינוך,More Education,חינוך נוסף והעשרה,Youth Development,קידום נוער
human_services:education:more_education:youth_movement,Human Services,מענים חברתיים,Education,חינוך,More Education,חינוך נוסף והעשרה,Youth Movement,תנועות נוער
human_services:education:leadership_development,Human Services,מענים חברתיים,Education,חינוך,Leadership development,פיתוח מנהיגות
human_services:education:screening_exams,Human Services,מענים חברתיים,Education,חינוך,Screening & Exams,מבחנים ומיונים
human_services:education:screening_exams:bagrut_high_school_equivalency,Human Services,מענים חברתיים,Education,חינוך,Screening & Exams,מבחנים ומיונים,Bagrut/High-School Equivalency,הכנה לבחינות בגרות
human_services:education:skills_training,Human Services,מענים חברתיים,Education,חינוך,Skills & Training,הכשרות
human_services:education:skills_training:basic_literacy,Human Services,מענים חברתיים,Education,חינוך,Skills & Training,הכשרות,Basic Literacy,אוריינות
human_services:education:skills_training:computer_class,Human Services,מענים חברתיים,Education,חינוך,Skills & Training,הכשרות,Computer Class,אוריינות דיגיטלית
human_services:education:skills_training:daily_life_skills,Human Services,מענים חברתיים,Education,חינוך,Skills & Training,הכשרות,Daily Life Skills,כישורי חיים
human_services:emergency,Human Services,מענים חברתיים,Emergency,חירום
human_services:emergency:disaster_response,Human Services,מענים חברתיים,Emergency,חירום,Disaster Response,תגובה לאסונות
human_services:emergency:emergency_food,Human Services,מענים חברתיים,Emergency,חירום,Emergency Food,מזון בחירום
human_services:emergency:emergency_helplines,Human Services,מענים חברתיים,Emergency,חירום,Emergency Helplines,הכוונה בחירום
human_services:emergency:emergency_shelter,Human Services,מענים חברתיים,Emergency,חירום,Emergency Shelter,מקלט חירום
human_services:emergency:help_find_missing_persons,Human Services,מענים חברתיים,Emergency,חירום,Help Find Missing Persons,איתור נעדרים
human_services:emergency:financial_aid_in_emergencies,Human Services,מענים חברתיים,Emergency,חירום,Financial Aid in Emergencies,סיוע כספי בחירום
human_services:emergency:animal_assistance,Human Services,מענים חברתיים,Emergency,חירום,Animal Assistance,סיוע לבעלי חיים בחירום
human_services:emergency:emergency_mental_assistance,Human Services,מענים חברתיים,Emergency,חירום,Emergency Mental Assistance,סיוע נפשי בחירום
human_services:emergency:farming_assistance,Human Services,מענים חברתיים,Emergency,חירום,Farming Assistance,סיוע בחקלאות
human_services:emergency:fortification,Human Services,מענים חברתיים,Emergency,חירום,Fortification,מיגון
human_services:food,Human Services,מענים חברתיים,Food,מזון
human_services:food:food_delivery,Human Services,מענים חברתיים,Food,מזון,Food Delivery,סלי מזון
human_services:food:food_pantry,Human Services,מענים חברתיים,Food,מזון,Food Pantry,בתי תמחוי
human_services:food:nutrition,Human Services,מענים חברתיים,Food,מזון,Nutrition,תזונה
human_services:food:nutrition_education,Human Services,מענים חברתיים,Food,מזון,Nutrition Education,חינוך תזונתי
human_services:goods,Human Services,מענים חברתיים,Goods,ציוד וחפצים
human_services:goods:baby_supplies,Human Services,מענים חברתיים,Goods,ציוד וחפצים,Baby Supplies,מוצרי תינוקות
human_services:goods:clothing,Human Services,מענים חברתיים,Goods,ציוד וחפצים,Clothing,בגדים
human_services:goods:home_goods,Human Services,מענים חברתיים,Goods,ציוד וחפצים,Home Goods,מוצרים לבית
human_services:goods:toys_gifts,Human Services,מענים חברתיים,Goods,ציוד וחפצים,Toys & Gifts,צעצועים ומתנות
human_services:health,Human Services,מענים חברתיים,Health,שירותי בריאות
human_services:health:addiction_recovery,Human Services,מענים חברתיים,Health,שירותי בריאות,Addiction & Recovery,גמילה מהתמכרות
human_services:health:addiction_recovery:detox,Human Services,מענים חברתיים,Health,שירותי בריאות,Addiction & Recovery,גמילה מהתמכרות,Detox,גמילה
human_services:health:addiction_recovery:medications_for_addiction,Human Services,מענים חברתיים,Health,שירותי בריאות,Addiction & Recovery,גמילה מהתמכרות,Medications for Addiction,תרופות להתמכרות
human_services:health:addiction_recovery:substance_abuse_counseling,Human Services,מענים חברתיים,Health,שירותי בריאות,Addiction & Recovery,גמילה מהתמכרות,Substance Abuse Counseling,ייעוץ רגשי למתמכרים
human_services:health:addiction_recovery:support_groups,Human Services,מענים חברתיים,Health,שירותי בריאות,Addiction & Recovery,גמילה מהתמכרות,Support groups,קבוצת תמיכה
human_services:health:dental_care,Human Services,מענים חברתיים,Health,שירותי בריאות,Dental Care,טיפולי שיניים
human_services:health:psychiatric_emergency_services,Human Services,מענים חברתיים,Health,שירותי בריאות,Psychiatric Emergency Services,שירותי בריאות הנפש דחופים
human_services:health:dental_emergency_service,Human Services,מענים חברתיים,Health,שירותי בריאות,Dental Emergency Service,טיפול שיניים דחוף
human_services:health:help_find_healthcare,Human Services,מענים חברתיים,Health,שירותי בריאות,Help Find Healthcare,עזרה במציאת טיפול רפואי
human_services:health:end_of_life_care,Human Services,מענים חברתיים,Health,שירותי בריאות,End-of-Life Care,טיפול במצב סופני
human_services:health:health_education,Human Services,מענים חברתיים,Health,שירותי בריאות,Health Education,חינוך בריאותי
human_services:health:mental_health_care,Human Services,מענים חברתיים,Health,שירותי בריאות,Mental Health Care,שירותי בריאות הנפש
human_services:health:mental_health_care:anger_management,Human Services,מענים חברתיים,Health,שירותי בריאות,Mental Health Care,שירותי בריאות הנפש,Anger Management,ניהול כעסים
human_services:health:mental_health_care:counseling,Human Services,מענים חברתיים,Health,שירותי בריאות,Mental Health Care,שירותי בריאות הנפש,Counseling,טיפול רגשי (פסיכולוגי)
human_services:health:mental_health_care:counseling:family_counseling,Human Services,מענים חברתיים,Health,שירותי בריאות,Mental Health Care,שירותי בריאות הנפש,Counseling,טיפול רגשי (פסיכולוגי),Family Counseling,טיפול משפחתי
human_services:health:mental_health_care:counseling:group_therapy,Human Services,מענים חברתיים,Health,שירותי בריאות,Mental Health Care,שירותי בריאות הנפש,Counseling,טיפול רגשי (פסיכולוגי),Group Therapy,טיפול קבוצתי
human_services:health:mental_health_care:counseling:individual_counseling,Human Services,מענים חברתיים,Health,שירותי בריאות,Mental Health Care,שירותי בריאות הנפש,Counseling,טיפול רגשי (פסיכולוגי),Individual Counseling,טיפול אישי
human_services:health:mental_health_care:medications_for_mental_health,Human Services,מענים חברתיים,Health,שירותי בריאות,Mental Health Care,שירותי בריאות הנפש,Medications for Mental Health,טיפול תרופתי לבריאות הנפש
human_services:health:mental_health_care:mental_health_evaluation,Human Services,מענים חברתיים,Health,שירותי בריאות,Mental Health Care,שירותי בריאות הנפש,Mental Health Evaluation,הערכה פסיכיאטרית
human_services:health:mental_health_care:hospitalization,Human Services,מענים חברתיים,Health,שירותי בריאות,Mental Health Care,שירותי בריאות הנפש,Hospitalization,אשפוז
human_services:health:mental_health_care:hospitalization:forced_hospitalization,Human Services,מענים חברתיים,Health,שירותי בריאות,Mental Health Care,שירותי בריאות הנפש,Hospitalization,אשפוז,Forced Hospitalization,אשפוז כפוי
human_services:health:mental_health_care:hospitalization:voluntary_hospitalization,Human Services,מענים חברתיים,Health,שירותי בריאות,Mental Health Care,שירותי בריאות הנפש,Hospitalization,אשפוז,Voluntary Hospitalization,אשפוז מרצון
human_services:health:mental_health_care:hospitalization:hospitalization_alternative,Human Services,מענים חברתיים,Health,שירותי בריאות,Mental Health Care,שירותי בריאות הנפש,Hospitalization,אשפוז,Hospitalization Alternative,חלופות אשפוז
human_services:health:mental_health_care:hospitalization:home_hospitalization,Human Services,מענים חברתיים,Health,שירותי בריאות,Mental Health Care,שירותי בריאות הנפש,Hospitalization,אשפוז,Home Hospitalization,אשפוז ביתי
human_services:health:medical_supplies,Human Services,מענים חברתיים,Health,שירותי בריאות,Medical Supplies,ציוד רפואי
human_services:health:medical_supplies:assistive_technology,Human Services,מענים חברתיים,Health,שירותי בריאות,Medical Supplies,ציוד רפואי,Assistive Technology,טכנולוגיה מסייעת
human_services:health:medical_supplies:prosthesis,Human Services,מענים חברתיים,Health,שירותי בריאות,Medical Supplies,ציוד רפואי,Prosthesis,פרוטזות
human_services:health:prevent_treat,Human Services,מענים חברתיים,Health,שירותי בריאות,Prevent & Treat,טיפול רפואי ומניעה
human_services:health:prevent_treat:alternative_medicine,Human Services,מענים חברתיים,Health,שירותי בריאות,Prevent & Treat,טיפול רפואי ומניעה,Alternative Medicine,רפואה אלטרנטיבית
human_services:health:prevent_treat:checkup_test,Human Services,מענים חברתיים,Health,שירותי בריאות,Prevent & Treat,טיפול רפואי ומניעה,Checkup & Test,בדיקות
human_services:health:prevent_treat:checkup_test:disease_screening,Human Services,מענים חברתיים,Health,שירותי בריאות,Prevent & Treat,טיפול רפואי ומניעה,Checkup & Test,בדיקות,Disease Screening,אבחון למחלות
human_services:health:prevent_treat:checkup_test:eye_tests,Human Services,מענים חברתיים,Health,שירותי בריאות,Prevent & Treat,טיפול רפואי ומניעה,Checkup & Test,בדיקות,Eye Tests,בדיקות ראייה
human_services:health:prevent_treat:checkup_test:genetic_testing,Human Services,מענים חברתיים,Health,שירותי בריאות,Prevent & Treat,טיפול רפואי ומניעה,Checkup & Test,בדיקות,Genetic Testing,בדיקות גנטיות
human_services:health:prevent_treat:checkup_test:hearing_tests,Human Services,מענים חברתיים,Health,שירותי בריאות,Prevent & Treat,טיפול רפואי ומניעה,Checkup & Test,בדיקות,Hearing Tests,בדיקות שמיעה
human_services:health:prevent_treat:checkup_test:pregnancy_tests,Human Services,מענים חברתיים,Health,שירותי בריאות,Prevent & Treat,טיפול רפואי ומניעה,Checkup & Test,בדיקות,Pregnancy Tests,בדיקות הריון
human_services:health:prevent_treat:hospital_treatment,Human Services,מענים חברתיים,Health,שירותי בריאות,Prevent & Treat,טיפול רפואי ומניעה,Hospital Treatment,טיפול בבית חולים
human_services:health:prevent_treat:in_home_support,Human Services,מענים חברתיים,Health,שירותי בריאות,Prevent & Treat,טיפול רפואי ומניעה,In-Home Support,סיוע בבית
human_services:health:prevent_treat:occupational_therapy,Human Services,מענים חברתיים,Health,שירותי בריאות,Prevent & Treat,טיפול רפואי ומניעה,Occupational Therapy,ריפוי בעיסוק
human_services:health:prevent_treat:pain_management,Human Services,מענים חברתיים,Health,שירותי בריאות,Prevent & Treat,טיפול רפואי ומניעה,Pain Management,טיפול בכאב
human_services:health:prevent_treat:physical_therapy,Human Services,מענים חברתיים,Health,שירותי בריאות,Prevent & Treat,טיפול רפואי ומניעה,Physical Therapy,פיזיותרפיה
human_services:health:prevent_treat:rehabilitation,Human Services,מענים חברתיים,Health,שירותי בריאות,Prevent & Treat,טיפול רפואי ומניעה,Rehabilitation,שיקום רפואי
human_services:health:prevent_treat:specialized_therapy,Human Services,מענים חברתיים,Health,שירותי בריאות,Prevent & Treat,טיפול רפואי ומניעה,Specialized Therapy,טיפול מיוחד
human_services:health:prevent_treat:speech_therapy,Human Services,מענים חברתיים,Health,שירותי בריאות,Prevent & Treat,טיפול רפואי ומניעה,Speech Therapy,קלינאות תקשורת
human_services:health:prevent_treat:vaccinations,Human Services,מענים חברתיים,Health,שירותי בריאות,Prevent & Treat,טיפול רפואי ומניעה,Vaccinations,חיסונים
human_services:health:prevent_treat:eye_care,Human Services,מענים חברתיים,Health,שירותי בריאות,Prevent & Treat,טיפול רפואי ומניעה,Eye Care,טיפולי ראייה ואופתלמולוגיה
human_services:health:residential_treatment,Human Services,מענים חברתיים,Health,שירותי בריאות,Residential Treatment,מסגרות דיור טיפוליות
human_services:health:personal_hygiene,Human Services,מענים חברתיים,Health,שירותי בריאות,Personal Hygiene,היגיינה אישית
human_services:health:primary_care,Human Services,מענים חברתיים,Health,שירותי בריאות,Primary Care,טיפול ראשוני
human_services:health:sexual_reproductive_health,Human Services,מענים חברתיים,Health,שירותי בריאות,Sexual & Reproductive Health,בריאות מינית
human_services:health:sexual_reproductive_health:family_planning,Human Services,מענים חברתיים,Health,שירותי בריאות,Sexual & Reproductive Health,בריאות מינית,Family Planning,תכנון משפחה
human_services:health:sexual_reproductive_health:family_planning:birth_control,Human Services,מענים חברתיים,Health,שירותי בריאות,Sexual & Reproductive Health,בריאות מינית,Family Planning,תכנון משפחה,Birth Control,אמצעי מניעה
human_services:health:sexual_reproductive_health:family_planning:fertility,Human Services,מענים חברתיים,Health,שירותי בריאות,Sexual & Reproductive Health,בריאות מינית,Family Planning,תכנון משפחה,Fertility,טיפולי פוריות
human_services:health:sexual_reproductive_health:family_planning:sex_education,Human Services,מענים חברתיים,Health,שירותי בריאות,Sexual & Reproductive Health,בריאות מינית,Family Planning,תכנון משפחה,Sex Education,חינוך מיני
human_services:health:sexual_reproductive_health:std_sti_treatment_prevention,Human Services,מענים חברתיים,Health,שירותי בריאות,Sexual & Reproductive Health,בריאות מינית,STD/STI Treatment & Prevention,טיפול ומניעה של מחלות מין
human_services:health:sexual_reproductive_health:std_sti_treatment_prevention:hiv_treatment,Human Services,מענים חברתיים,Health,שירותי בריאות,Sexual & Reproductive Health,בריאות מינית,STD/STI Treatment & Prevention,טיפול ומניעה של מחלות מין,HIV Treatment,טיפול ב-HIV
human_services:health:sexual_reproductive_health:womens_health,Human Services,מענים חברתיים,Health,שירותי בריאות,Sexual & Reproductive Health,בריאות מינית,Women's Health,בריאות האישה
human_services:health:sexual_reproductive_health:womens_health:maternity_care,Human Services,מענים חברתיים,Health,שירותי בריאות,Sexual & Reproductive Health,בריאות מינית,Women's Health,בריאות האישה,Maternity Care,טיפול ביולדת
human_services:health:sexual_reproductive_health:womens_health:postnatal_care,Human Services,מענים חברתיים,Health,שירותי בריאות,Sexual & Reproductive Health,בריאות מינית,Women's Health,בריאות האישה,Postnatal Care,טיפול לאחר לידה
human_services:health:skilled_nursing,Human Services,מענים חברתיים,Health,שירותי בריאות,Skilled Nursing,טיפול על ידי אחות
human_services:health:support_service_animals,Human Services,מענים חברתיים,Health,שירותי בריאות,Support & Service Animals,חיות תמיכה
human_services:housing,Human Services,מענים חברתיים,Housing,דיור
human_services:housing:emergency_shelter,Human Services,מענים חברתיים,Housing,דיור,Emergency Shelter,דיור ואירוח חירומי
human_services:housing:help_find_housing,Human Services,מענים חברתיים,Housing,דיור,Help Find Housing,עזרה במציאת דיור
human_services:housing:maintenance_repairs,Human Services,מענים חברתיים,Housing,דיור,Maintenance & Repairs,תיקונים ושיפוצים
human_services:housing:maintenance_repairs:disability_modifications,Human Services,מענים חברתיים,Housing,דיור,Maintenance & Repairs,תיקונים ושיפוצים,Disability Modifications,התאמות לבית
human_services:housing:maintenance_repairs:small_repairs,Human Services,מענים חברתיים,Housing,דיור,Maintenance & Repairs,תיקונים ושיפוצים,Small repairs,תיקונים קטנים
human_services:housing:public_housing,Human Services,מענים חברתיים,Housing,דיור,Public Housing,דיור ציבורי
human_services:housing:residential_housing,Human Services,מענים חברתיים,Housing,דיור,Residential Housing,מסגרות דיור
human_services:housing:residential_housing:long_term_housing,Human Services,מענים חברתיים,Housing,דיור,Residential Housing,מסגרות דיור,Long-Term Housing,דיור מוסדי
human_services:housing:residential_housing:long_term_housing:assisted_living,Human Services,מענים חברתיים,Housing,דיור,Residential Housing,מסגרות דיור,Long-Term Housing,דיור מוסדי,Assisted Living,דיור מוגן
human_services:housing:residential_housing:long_term_housing:hostel,Human Services,מענים חברתיים,Housing,דיור,Residential Housing,מסגרות דיור,Long-Term Housing,דיור מוסדי,Hostel,הוסטל
human_services:housing:residential_housing:long_term_housing:independent_living,Human Services,מענים חברתיים,Housing,דיור,Residential Housing,מסגרות דיור,Long-Term Housing,דיור מוסדי,Independent Living,דיור עצמאי
human_services:housing:residential_housing:long_term_housing:nursing_home,Human Services,מענים חברתיים,Housing,דיור,Residential Housing,מסגרות דיור,Long-Term Housing,דיור מוסדי,Nursing Home,מוסד סיעודי
human_services:housing:residential_housing:long_term_housing:old_age_home,Human Services,מענים חברתיים,Housing,דיור,Residential Housing,מסגרות דיור,Long-Term Housing,דיור מוסדי,Old Age Home,בית אבות
human_services:housing:residential_housing:long_term_housing:satellite_apartments,Human Services,מענים חברתיים,Housing,דיור,Residential Housing,מסגרות דיור,Long-Term Housing,דיור מוסדי,Satellite Apartments,דירות לווין
human_services:housing:short_term_housing,Human Services,מענים חברתיים,Housing,דיור,Short-Term Housing,דיור לטווח קצר
human_services:housing:short_term_housing:transit_flats,Human Services,מענים חברתיים,Housing,דיור,Short-Term Housing,דיור לטווח קצר,Transit Flats,דירות מעבר
human_services:housing:short_term_housing:shelters_from_violence,Human Services,מענים חברתיים,Housing,דיור,Short-Term Housing,דיור לטווח קצר,Shelters from Violence,מקלטים מאלימות
human_services:legal,Human Services,מענים חברתיים,Legal,משפטי
human_services:legal:advocacy_legal_aid,Human Services,מענים חברתיים,Legal,משפטי,Advocacy & Legal Aid,סיוע משפטי
human_services:legal:advocacy_legal_aid:citizenship_immigration,Human Services,מענים חברתיים,Legal,משפטי,Advocacy & Legal Aid,סיוע משפטי,Citizenship & Immigration,תושבות ומעמד
human_services:legal:advocacy_legal_aid:discrimination_civil_rights,Human Services,מענים חברתיים,Legal,משפטי,Advocacy & Legal Aid,סיוע משפטי,Discrimination & Civil Rights,אפליה וזכויות אזרח
human_services:legal:advocacy_legal_aid:guardianship,Human Services,מענים חברתיים,Legal,משפטי,Advocacy & Legal Aid,סיוע משפטי,Guardianship,אפוטרופסות
human_services:legal:advocacy_legal_aid:understand_government_programs,Human Services,מענים חברתיים,Legal,משפטי,Advocacy & Legal Aid,סיוע משפטי,Understand Government Programs,מיצוי זכויות
human_services:legal:advocacy_legal_aid:workplace_rights,Human Services,מענים חברתיים,Legal,משפטי,Advocacy & Legal Aid,סיוע משפטי,Workplace Rights,זכויות עובדים
human_services:legal:advocacy_legal_aid:financial_difficulties,Human Services,מענים חברתיים,Legal,משפטי,Advocacy & Legal Aid,סיוע משפטי,Financial difficulties,הוצאה לפועל וחדלות פרעון
human_services:legal:mediation,Human Services,מענים חברתיים,Legal,משפטי,Mediation,גישור
human_services:legal:notary,Human Services,מענים חברתיים,Legal,משפטי,Notary,נוטריון
human_services:legal:representation,Human Services,מענים חברתיים,Legal,משפטי,Representation,ייצוג משפטי
human_services:legal:legal_translation_interpretation,Human Services,מענים חברתיים,Legal,משפטי,Legal Translation & Interpretation,תרגום משפטי
human_services:transport,Human Services,מענים חברתיים,Transport,תחבורה
human_services:transport:shuttle_serivce,Human Services,מענים חברתיים,Transport,תחבורה,Shuttle serivce,הסעות
human_services:money,Human Services,מענים חברתיים,Money,סיוע כלכלי
human_services:money:financial_assistance,Human Services,מענים חברתיים,Money,סיוע כלכלי,Financial Assistance,סיוע כספי
human_services:money:financial_assistance:gamach_money,Human Services,מענים חברתיים,Money,סיוע כלכלי,Financial Assistance,סיוע כספי,Gamach Money,"גמ""ח כספי"
human_services:money:financial_assistance:help_pay_for_childcare,Human Services,מענים חברתיים,Money,סיוע כלכלי,Financial Assistance,סיוע כספי,Help Pay for Childcare,מימון מסגרות חינוכיות
human_services:money:financial_assistance:help_pay_for_food,Human Services,מענים חברתיים,Money,סיוע כלכלי,Financial Assistance,סיוע כספי,Help Pay for Food,תווי מזון
human_services:money:financial_assistance:help_pay_for_healthcare,Human Services,מענים חברתיים,Money,סיוע כלכלי,Financial Assistance,סיוע כספי,Help Pay for Healthcare,גיוס כספי לשירותי בריאות
human_services:money:financial_assistance:help_pay_for_school,Human Services,מענים חברתיים,Money,סיוע כלכלי,Financial Assistance,סיוע כספי,Help Pay for School,סיוע בעלויות חינוך
human_services:money:financial_assistance:help_pay_for_school:books,Human Services,מענים חברתיים,Money,סיוע כלכלי,Financial Assistance,סיוע כספי,Help Pay for School,סיוע בעלויות חינוך,Books,ספרים
human_services:money:financial_assistance:help_pay_for_school:clothes_for_school,Human Services,מענים חברתיים,Money,סיוע כלכלי,Financial Assistance,סיוע כספי,Help Pay for School,סיוע בעלויות חינוך,Clothes for School,תלבושת אחידה
human_services:money:financial_assistance:help_pay_for_school:transportation_for_school,Human Services,מענים חברתיים,Money,סיוע כלכלי,Financial Assistance,סיוע כספי,Help Pay for School,סיוע בעלויות חינוך,Transportation for School,הסעות לבית הספר
human_services:money:financial_assistance:help_pay_for_school:supplies_for_school,Human Services,מענים חברתיים,Money,סיוע כלכלי,Financial Assistance,סיוע כספי,Help Pay for School,סיוע בעלויות חינוך,Supplies for School,ציוד לבית הספר
human_services:money:financial_education,Human Services,מענים חברתיים,Money,סיוע כלכלי,Financial Education,חינוך פיננסי
human_services:money:insurance,Human Services,מענים חברתיים,Money,סיוע כלכלי,Insurance,ביטוח
human_services:money:loans,Human Services,מענים חברתיים,Money,סיוע כלכלי,Loans,הלוואות
human_services:money:loans:business_loans,Human Services,מענים חברתיים,Money,סיוע כלכלי,Loans,הלוואות,Business Loans,הלוואות לעסקים
human_services:money:loans:personal_loans,Human Services,מענים חברתיים,Money,סיוע כלכלי,Loans,הלוואות,Personal Loans,הלוואות אישיות
human_services:money:tax_preparation,Human Services,מענים חברתיים,Money,סיוע כלכלי,Tax Preparation,סיוע בהגשת מיסים
human_services:money:consumer_rights_protection,Human Services,מענים חברתיים,Money,סיוע כלכלי,Consumer Rights Protection,הגנת זכויות הצרכן
human_services:work,Human Services,מענים חברתיים,Work,עבודה
human_services:work:help_find_work,Human Services,מענים חברתיים,Work,עבודה,Help Find Work,סיוע במציאת עבודה
human_services:work:skills_training,Human Services,מענים חברתיים,Work,עבודה,Skills & Training,הכשרה מקצועית
human_services:work:skills_training:interview_training,Human Services,מענים חברתיים,Work,עבודה,Skills & Training,הכשרה מקצועית,Interview Training,הכנה לראיונות עבודה
human_services:work:skills_training:resume_development,Human Services,מענים חברתיים,Work,עבודה,Skills & Training,הכשרה מקצועית,Resume Development,כתיבת קורות חיים
human_services:work:skills_training:vocational_courses,Human Services,מענים חברתיים,Work,עבודה,Skills & Training,הכשרה מקצועית,Vocational Courses,קורסים מקצועיים
human_services:work:special_employment,Human Services,מענים חברתיים,Work,עבודה,Special Employment,תעסוקה מיוחדת
human_services:work:special_employment:supported_employment,Human Services,מענים חברתיים,Work,עבודה,Special Employment,תעסוקה מיוחדת,Supported Employment,תעסוקה נתמכת
human_services:work:special_employment:protected_employment,Human Services,מענים חברתיים,Work,עבודה,Special Employment,תעסוקה מיוחדת,Protected Employment,תעסוקה מוגנת
human_services:work:special_employment:protected_factory,Human Services,מענים חברתיים,Work,עבודה,Special Employment,תעסוקה מיוחדת,Protected Factory,מפעל מוגן
human_services:culture_and_sports,Human Services,מענים חברתיים,Culture and Sports,תרבות וספורט
human_services:culture_and_sports:fine_art,Human Services,מענים חברתיים,Culture and Sports,תרבות וספורט,Fine Art,אומנות
human_services:culture_and_sports:cinema,Human Services,מענים חברתיים,Culture and Sports,תרבות וספורט,Cinema,קולנוע
human_services:culture_and_sports:commemoration,Human Services,מענים חברתיים,Culture and Sports,תרבות וספורט,Commemoration,הנצחה
human_services:culture_and_sports:exhibitions,Human Services,מענים חברתיים,Culture and Sports,תרבות וספורט,Exhibitions,תערוכות
human_services:culture_and_sports:choirs,Human Services,מענים חברתיים,Culture and Sports,תרבות וספורט,Choirs,מקהלות
human_services:culture_and_sports:dance,Human Services,מענים חברתיים,Culture and Sports,תרבות וספורט,Dance,מחול
human_services:culture_and_sports:digital_art,Human Services,מענים חברתיים,Culture and Sports,תרבות וספורט,Digital Art,אומנות דיגיטלית
human_services:culture_and_sports:documentation,Human Services,מענים חברתיים,Culture and Sports,תרבות וספורט,Documentation,תיעוד
human_services:culture_and_sports:exercise_fitness,Human Services,מענים חברתיים,Culture and Sports,תרבות וספורט,Exercise & Fitness,התעמלות וכושר
human_services:culture_and_sports:hasbara,Human Services,מענים חברתיים,Culture and Sports,תרבות וספורט,Hasbara,הסברה
human_services:culture_and_sports:jewish_culture,Human Services,מענים חברתיים,Culture and Sports,תרבות וספורט,Jewish Culture,תרבות יהודית
human_services:culture_and_sports:ethnic_culture,Human Services,מענים חברתיים,Culture and Sports,תרבות וספורט,Ethnic Culture,תרבות אתנית ועדתית
human_services:culture_and_sports:literature,Human Services,מענים חברתיים,Culture and Sports,תרבות וספורט,Literature,ספרות
human_services:culture_and_sports:music,Human Services,מענים חברתיים,Culture and Sports,תרבות וספורט,Music,מוזיקה
human_services:culture_and_sports:opera,Human Services,מענים חברתיים,Culture and Sports,תרבות וספורט,Opera,אופרה
human_services:culture_and_sports:orchestra,Human Services,מענים חברתיים,Culture and Sports,תרבות וספורט,Orchestra,תזמורת
human_services:culture_and_sports:sports,Human Services,מענים חברתיים,Culture and Sports,תרבות וספורט,Sports,ספורט
human_services:culture_and_sports:theatre,Human Services,מענים חברתיים,Culture and Sports,תרבות וספורט,Theatre,תיאטרון
human_services:culture_and_sports:tv,Human Services,מענים חברתיים,Culture and Sports,תרבות וספורט,TV,טלוויזיה
human_services:culture_and_sports:radio,Human Services,מענים חברתיים,Culture and Sports,תרבות וספורט,Radio,רדיו
